Name,Parameters
90_degree_bend,"bend_angle,bend_radius,thickness,flange_length,k_factor,material_type"
45_degree_bend,"bend_angle,bend_radius,thickness,flange_length,k_factor,material_type"
U_bend,"bend_angle,bend_radius,thickness,flange_length,k_factor,material_type,bend_spacing"
Z_bend,"bend_angle,bend_radius,thickness,flange_length,k_factor,material_type,bend_spacing"
L_bracket,"bend_angle,bend_radius,thickness,flange_length,k_factor,material_type"
channel_bend,"bend_angle,bend_radius,thickness,flange_length,k_factor,material_type,bend_spacing"
hem_bend,"bend_angle,bend_radius,thickness,flange_length,k_factor,material_type"
acute_angle_bend,"bend_angle,bend_radius,thickness,flange_length,k_factor,material_type"
obtuse_angle_bend,"bend_angle,bend_radius,thickness,flange_length,k_factor,material_type"
multiple_bend,"bend_angle,bend_radius,thickness,flange_length,k_factor,material_type,bend_spacing,number_of_bends"
relief_bend,"bend_angle,bend_radius,thickness,flange_length,k_factor,material_type,relief_width,relief_length"
compound_bend,"bend_angle,bend_radius,thickness,flange_length,k_factor,material_type,bend_sequence"
reinforcement_bracket,"bend_angle,bend_radius,thickness,sheet_size,bracket_type,material_type,k_factor"
corner_bracket,"bend_angle,bend_radius,thickness,sheet_size,bracket_type,material_type,k_factor"
