name,parameters,description
threaded hole,"thread_type,thread_size,thread_pitch,hole_type","Trou taraudé standard avec paramètres de base. Par défaut: trou débouchant (through) sauf si l'utilisateur spécifie explicitement 'blind' ou 'borgne'. Le système demandera le type de filetage, la taille et le pas."
blind threaded hole,"thread_type,thread_size,thread_pitch,thread_depth","Trou taraudé borgne qui ne traverse pas toute l'épaisseur du matériau"
through threaded hole,"thread_type,thread_size,thread_pitch","Trou taraudé débouchant qui traverse complètement le matériau"
M3 threaded hole,"thread_type,thread_size,thread_pitch,hole_type","Trou taraudé métrique M3 x 0.5"
M4 threaded hole,"thread_type,thread_size,thread_pitch,hole_type","Trou taraudé métrique M4 x 0.7"
M5 threaded hole,"thread_type,thread_size,thread_pitch,hole_type","Trou taraudé métrique M5 x 0.8"
M6 threaded hole,"thread_type,thread_size,thread_pitch,hole_type","Trou taraudé métrique M6 x 1.0"
M8 threaded hole,"thread_type,thread_size,thread_pitch,hole_type","Trou taraudé métrique M8 x 1.25"
M10 threaded hole,"thread_type,thread_size,thread_pitch,hole_type","Trou taraudé métrique M10 x 1.5"
M12 threaded hole,"thread_type,thread_size,thread_pitch,hole_type","Trou taraudé métrique M12 x 1.75"
M14 threaded hole,"thread_type,thread_size,thread_pitch,hole_type","Trou taraudé métrique M14 x 2.0"
M16 threaded hole,"thread_type,thread_size,thread_pitch,hole_type","Trou taraudé métrique M16 x 2.0"
M20 threaded hole,"thread_type,thread_size,thread_pitch,hole_type","Trou taraudé métrique M20 x 2.5"
UNC 1/4-20 threaded hole,"thread_type,thread_size,thread_pitch,hole_type","Trou taraudé impérial UNC 1/4-20"
UNC 5/16-18 threaded hole,"thread_type,thread_size,thread_pitch,hole_type","Trou taraudé impérial UNC 5/16-18"
UNC 3/8-16 threaded hole,"thread_type,thread_size,thread_pitch,hole_type","Trou taraudé impérial UNC 3/8-16"
UNC 1/2-13 threaded hole,"thread_type,thread_size,thread_pitch,hole_type","Trou taraudé impérial UNC 1/2-13"
UNF 1/4-28 threaded hole,"thread_type,thread_size,thread_pitch,hole_type","Trou taraudé impérial UNF 1/4-28"
UNF 5/16-24 threaded hole,"thread_type,thread_size,thread_pitch,hole_type","Trou taraudé impérial UNF 5/16-24"
UNF 3/8-24 threaded hole,"thread_type,thread_size,thread_pitch,hole_type","Trou taraudé impérial UNF 3/8-24"
NPT 1/8 threaded hole,"thread_type,thread_size,thread_pitch,hole_type","Trou taraudé pipe NPT 1/8"
NPT 1/4 threaded hole,"thread_type,thread_size,thread_pitch,hole_type","Trou taraudé pipe NPT 1/4"
NPT 3/8 threaded hole,"thread_type,thread_size,thread_pitch,hole_type","Trou taraudé pipe NPT 3/8"
NPT 1/2 threaded hole,"thread_type,thread_size,thread_pitch,hole_type","Trou taraudé pipe NPT 1/2"
BSP 1/8 threaded hole,"thread_type,thread_size,thread_pitch,hole_type","Trou taraudé pipe BSP 1/8"
BSP 1/4 threaded hole,"thread_type,thread_size,thread_pitch,hole_type","Trou taraudé pipe BSP 1/4"
BSP 3/8 threaded hole,"thread_type,thread_size,thread_pitch,hole_type","Trou taraudé pipe BSP 3/8"
BSP 1/2 threaded hole,"thread_type,thread_size,thread_pitch,hole_type","Trou taraudé pipe BSP 1/2"
